ability_rarity,pokemon_id,ability_id
regular_ability_1,1,1
regular_ability_1,2,1
regular_ability_1,3,1
regular_ability_1,4,2
regular_ability_1,5,2
regular_ability_1,6,2
regular_ability_1,7,3
regular_ability_1,8,3
regular_ability_1,9,3
regular_ability_1,10,4
regular_ability_1,11,5
regular_ability_1,12,6
regular_ability_1,13,4
regular_ability_1,14,5
regular_ability_1,15,7
regular_ability_1,16,8
regular_ability_1,17,8
regular_ability_1,18,8
regular_ability_1,19,9
regular_ability_1,20,9
regular_ability_1,21,8
regular_ability_1,22,8
regular_ability_1,23,10
regular_ability_1,24,10
regular_ability_1,25,11
regular_ability_1,26,11
regular_ability_1,27,12
regular_ability_1,28,12
regular_ability_1,29,13
regular_ability_1,30,13
regular_ability_1,31,13
regular_ability_1,32,13
regular_ability_1,33,13
regular_ability_1,34,13
regular_ability_1,35,14
regular_ability_1,36,14
regular_ability_1,37,15
regular_ability_1,38,15
regular_ability_1,39,14
regular_ability_1,40,14
regular_ability_1,41,16
regular_ability_1,42,16
regular_ability_1,43,17
regular_ability_1,44,17
regular_ability_1,45,17
regular_ability_1,46,18
regular_ability_1,47,18
regular_ability_1,48,6
regular_ability_1,49,4
regular_ability_1,50,12
regular_ability_1,51,12
regular_ability_1,52,19
regular_ability_1,53,20
regular_ability_1,54,21
regular_ability_1,55,21
regular_ability_1,56,22
regular_ability_1,57,22
regular_ability_1,58,10
regular_ability_1,59,10
regular_ability_1,60,23
regular_ability_1,61,23
regular_ability_1,62,23
regular_ability_1,63,24
regular_ability_1,64,24
regular_ability_1,65,24
regular_ability_1,66,25
regular_ability_1,67,25
regular_ability_1,68,25
regular_ability_1,69,17
regular_ability_1,70,17
regular_ability_1,71,17
regular_ability_1,72,26
regular_ability_1,73,26
regular_ability_1,74,27
regular_ability_1,75,27
regular_ability_1,76,27
regular_ability_1,77,9
regular_ability_1,78,9
regular_ability_1,79,28
regular_ability_1,80,28
regular_ability_1,81,29
regular_ability_1,82,29
regular_ability_1,83,8
regular_ability_1,84,9
regular_ability_1,85,9
regular_ability_1,86,30
regular_ability_1,87,30
regular_ability_1,88,31
regular_ability_1,89,31
regular_ability_1,90,32
regular_ability_1,91,32
regular_ability_1,92,33
regular_ability_1,93,33
regular_ability_1,94,34
regular_ability_1,95,27
regular_ability_1,96,35
regular_ability_1,97,35
regular_ability_1,98,36
regular_ability_1,99,36
regular_ability_1,100,37
regular_ability_1,101,37
regular_ability_1,102,17
regular_ability_1,103,17
regular_ability_1,104,27
regular_ability_1,105,27
regular_ability_1,106,20
regular_ability_1,107,8
regular_ability_1,108,38
regular_ability_1,109,33
regular_ability_1,110,33
regular_ability_1,111,39
regular_ability_1,112,39
regular_ability_1,113,40
regular_ability_1,114,17
regular_ability_1,115,41
regular_ability_1,116,42
regular_ability_1,117,13
regular_ability_1,118,42
regular_ability_1,119,42
regular_ability_1,120,43
regular_ability_1,121,43
regular_ability_1,122,37
regular_ability_1,123,7
regular_ability_1,124,28
regular_ability_1,125,11
regular_ability_1,126,44
regular_ability_1,127,36
regular_ability_1,128,10
regular_ability_1,129,42
regular_ability_1,130,10
regular_ability_1,131,23
regular_ability_1,132,20
regular_ability_1,133,9
regular_ability_1,134,23
regular_ability_1,135,45
regular_ability_1,136,15
regular_ability_1,137,46
regular_ability_1,138,42
regular_ability_1,139,42
regular_ability_1,140,42
regular_ability_1,141,42
regular_ability_1,142,27
regular_ability_1,143,47
regular_ability_1,144,48
regular_ability_1,145,48
regular_ability_1,146,48
regular_ability_1,147,5
regular_ability_1,148,5
regular_ability_1,149,16
regular_ability_1,150,48
regular_ability_1,151,24
regular_ability_1,152,1
regular_ability_1,153,1
regular_ability_1,154,1
regular_ability_1,155,2
regular_ability_1,156,2
regular_ability_1,157,2
regular_ability_1,158,3
regular_ability_1,159,3
regular_ability_1,160,3
regular_ability_1,161,9
regular_ability_1,162,9
regular_ability_1,163,35
regular_ability_1,164,35
regular_ability_1,165,7
regular_ability_1,166,7
regular_ability_1,167,7
regular_ability_1,168,7
regular_ability_1,169,16
regular_ability_1,170,45
regular_ability_1,171,45
regular_ability_1,172,11
regular_ability_1,173,14
regular_ability_1,174,14
regular_ability_1,175,49
regular_ability_1,176,49
regular_ability_1,177,24
regular_ability_1,178,24
regular_ability_1,179,11
regular_ability_1,180,11
regular_ability_1,181,11
regular_ability_1,182,17
regular_ability_1,183,30
regular_ability_1,184,30
regular_ability_1,185,50
regular_ability_1,186,23
regular_ability_1,187,17
regular_ability_1,188,17
regular_ability_1,189,17
regular_ability_1,190,9
regular_ability_1,191,17
regular_ability_1,192,17
regular_ability_1,193,51
regular_ability_1,194,21
regular_ability_1,195,21
regular_ability_1,196,24
regular_ability_1,197,24
regular_ability_1,198,35
regular_ability_1,199,28
regular_ability_1,200,33
regular_ability_1,201,33
regular_ability_1,202,52
regular_ability_1,203,16
regular_ability_1,204,50
regular_ability_1,205,50
regular_ability_1,206,53
regular_ability_1,207,36
regular_ability_1,208,27
regular_ability_1,209,10
regular_ability_1,210,10
regular_ability_1,211,13
regular_ability_1,212,7
regular_ability_1,213,50
regular_ability_1,214,7
regular_ability_1,215,16
regular_ability_1,216,19
regular_ability_1,217,25
regular_ability_1,218,54
regular_ability_1,219,54
regular_ability_1,220,28
regular_ability_1,221,28
regular_ability_1,222,49
regular_ability_1,223,49
regular_ability_1,224,55
regular_ability_1,225,22
regular_ability_1,226,42
regular_ability_1,227,8
regular_ability_1,228,41
regular_ability_1,229,41
regular_ability_1,230,42
regular_ability_1,231,19
regular_ability_1,232,50
regular_ability_1,233,46
regular_ability_1,234,10
regular_ability_1,235,38
regular_ability_1,236,25
regular_ability_1,237,10
regular_ability_1,238,28
regular_ability_1,239,11
regular_ability_1,240,44
regular_ability_1,241,30
regular_ability_1,242,40
regular_ability_1,243,48
regular_ability_1,244,48
regular_ability_1,245,48
regular_ability_1,246,25
regular_ability_1,247,5
regular_ability_1,248,56
regular_ability_1,249,48
regular_ability_1,250,48
regular_ability_1,251,40
regular_ability_1,252,1
regular_ability_1,253,1
regular_ability_1,254,1
regular_ability_1,255,2
regular_ability_1,256,2
regular_ability_1,257,2
regular_ability_1,258,3
regular_ability_1,259,3
regular_ability_1,260,3
regular_ability_1,261,9
regular_ability_1,262,10
regular_ability_1,263,19
regular_ability_1,264,19
regular_ability_1,265,4
regular_ability_1,266,5
regular_ability_1,267,7
regular_ability_1,268,5
regular_ability_1,269,4
regular_ability_1,270,42
regular_ability_1,271,42
regular_ability_1,272,42
regular_ability_1,273,17
regular_ability_1,274,17
regular_ability_1,275,17
regular_ability_1,276,25
regular_ability_1,277,25
regular_ability_1,278,8
regular_ability_1,279,8
regular_ability_1,280,24
regular_ability_1,281,24
regular_ability_1,282,24
regular_ability_1,283,42
regular_ability_1,284,10
regular_ability_1,285,18
regular_ability_1,286,18
regular_ability_1,287,57
regular_ability_1,288,22
regular_ability_1,289,57
regular_ability_1,290,6
regular_ability_1,291,51
regular_ability_1,292,58
regular_ability_1,293,37
regular_ability_1,294,37
regular_ability_1,295,37
regular_ability_1,296,30
regular_ability_1,297,30
regular_ability_1,298,30
regular_ability_1,299,50
regular_ability_1,300,14
regular_ability_1,301,14
regular_ability_1,302,8
regular_ability_1,303,36
regular_ability_1,304,50
regular_ability_1,305,50
regular_ability_1,306,50
regular_ability_1,307,59
regular_ability_1,308,59
regular_ability_1,309,11
regular_ability_1,310,11
regular_ability_1,311,60
regular_ability_1,312,61
regular_ability_1,313,43
regular_ability_1,314,28
regular_ability_1,315,40
regular_ability_1,316,62
regular_ability_1,317,62
regular_ability_1,318,63
regular_ability_1,319,63
regular_ability_1,320,64
regular_ability_1,321,64
regular_ability_1,322,28
regular_ability_1,323,54
regular_ability_1,324,65
regular_ability_1,325,30
regular_ability_1,326,30
regular_ability_1,327,38
regular_ability_1,328,36
regular_ability_1,329,33
regular_ability_1,330,33
regular_ability_1,331,12
regular_ability_1,332,12
regular_ability_1,333,40
regular_ability_1,334,40
regular_ability_1,335,47
regular_ability_1,336,5
regular_ability_1,337,33
regular_ability_1,338,33
regular_ability_1,339,28
regular_ability_1,340,28
regular_ability_1,341,36
regular_ability_1,342,36
regular_ability_1,343,33
regular_ability_1,344,33
regular_ability_1,345,55
regular_ability_1,346,55
regular_ability_1,347,66
regular_ability_1,348,66
regular_ability_1,349,42
regular_ability_1,350,67
regular_ability_1,351,68
regular_ability_1,352,69
regular_ability_1,353,35
regular_ability_1,354,35
regular_ability_1,355,33
regular_ability_1,356,48
regular_ability_1,357,17
regular_ability_1,358,33
regular_ability_1,359,48
regular_ability_1,360,52
regular_ability_1,361,16
regular_ability_1,362,16
regular_ability_1,363,30
regular_ability_1,364,30
regular_ability_1,365,30
regular_ability_1,366,32
regular_ability_1,367,42
regular_ability_1,368,42
regular_ability_1,369,42
regular_ability_1,370,42
regular_ability_1,371,27
regular_ability_1,372,27
regular_ability_1,373,10
regular_ability_1,374,26
regular_ability_1,375,26
regular_ability_1,376,26
regular_ability_1,377,26
regular_ability_1,378,26
regular_ability_1,379,26
regular_ability_1,380,33
regular_ability_1,381,33
regular_ability_1,382,70
regular_ability_1,383,71
regular_ability_1,384,72
regular_ability_1,385,53
regular_ability_1,386,48
regular_ability_1,387,1
regular_ability_1,388,1
regular_ability_1,389,1
regular_ability_1,390,2
regular_ability_1,391,2
regular_ability_1,392,2
regular_ability_1,393,3
regular_ability_1,394,3
regular_ability_1,395,3
regular_ability_1,396,8
regular_ability_1,397,10
regular_ability_1,398,10
regular_ability_1,399,73
regular_ability_1,400,73
regular_ability_1,401,5
regular_ability_1,402,7
regular_ability_1,403,74
regular_ability_1,404,74
regular_ability_1,405,74
regular_ability_1,406,40
regular_ability_1,407,40
regular_ability_1,408,75
regular_ability_1,409,75
regular_ability_1,410,50
regular_ability_1,411,50
regular_ability_1,412,5
regular_ability_1,413,76
regular_ability_1,414,7
regular_ability_1,415,77
regular_ability_1,416,48
regular_ability_1,417,9
regular_ability_1,418,42
regular_ability_1,419,42
regular_ability_1,420,17
regular_ability_1,421,78
regular_ability_1,422,79
regular_ability_1,423,79
regular_ability_1,424,80
regular_ability_1,425,81
regular_ability_1,426,81
regular_ability_1,427,9
regular_ability_1,428,14
regular_ability_1,429,33
regular_ability_1,430,35
regular_ability_1,431,20
regular_ability_1,432,30
regular_ability_1,433,33
regular_ability_1,434,31
regular_ability_1,435,31
regular_ability_1,436,33
regular_ability_1,437,33
regular_ability_1,438,50
regular_ability_1,439,37
regular_ability_1,440,40
regular_ability_1,441,8
regular_ability_1,442,48
regular_ability_1,443,12
regular_ability_1,444,12
regular_ability_1,445,12
regular_ability_1,446,19
regular_ability_1,447,82
regular_ability_1,448,82
regular_ability_1,449,56
regular_ability_1,450,56
regular_ability_1,451,66
regular_ability_1,452,66
regular_ability_1,453,76
regular_ability_1,454,76
regular_ability_1,455,33
regular_ability_1,456,42
regular_ability_1,457,42
regular_ability_1,458,42
regular_ability_1,459,83
regular_ability_1,460,83
regular_ability_1,461,48
regular_ability_1,462,29
regular_ability_1,463,38
regular_ability_1,464,39
regular_ability_1,465,17
regular_ability_1,466,84
regular_ability_1,467,44
regular_ability_1,468,49
regular_ability_1,469,51
regular_ability_1,470,85
regular_ability_1,471,86
regular_ability_1,472,36
regular_ability_1,473,28
regular_ability_1,474,87
regular_ability_1,475,82
regular_ability_1,476,50
regular_ability_1,477,48
regular_ability_1,478,86
regular_ability_1,479,33
regular_ability_1,480,33
regular_ability_1,481,33
regular_ability_1,482,33
regular_ability_1,483,48
regular_ability_1,484,48
regular_ability_1,485,15
regular_ability_1,486,88
regular_ability_1,487,48
regular_ability_1,488,33
regular_ability_1,489,89
regular_ability_1,490,89
regular_ability_1,491,90
regular_ability_1,492,40
regular_ability_1,493,91
regular_ability_1,494,92
regular_ability_1,495,1
regular_ability_1,496,1
regular_ability_1,497,1
regular_ability_1,498,2
regular_ability_1,499,2
regular_ability_1,500,2
regular_ability_1,501,3
regular_ability_1,502,3
regular_ability_1,503,3
regular_ability_1,504,9
regular_ability_1,505,43
regular_ability_1,506,22
regular_ability_1,507,10
regular_ability_1,508,10
regular_ability_1,509,20
regular_ability_1,510,20
regular_ability_1,511,93
regular_ability_1,512,93
regular_ability_1,513,93
regular_ability_1,514,93
regular_ability_1,515,93
regular_ability_1,516,93
regular_ability_1,517,94
regular_ability_1,518,94
regular_ability_1,519,95
regular_ability_1,520,95
regular_ability_1,521,95
regular_ability_1,522,39
regular_ability_1,523,39
regular_ability_1,524,50
regular_ability_1,525,50
regular_ability_1,526,50
regular_ability_1,527,96
regular_ability_1,528,96
regular_ability_1,529,97
regular_ability_1,530,97
regular_ability_1,531,98
regular_ability_1,532,25
regular_ability_1,533,25
regular_ability_1,534,25
regular_ability_1,535,42
regular_ability_1,536,42
regular_ability_1,537,42
regular_ability_1,538,25
regular_ability_1,539,50
regular_ability_1,540,7
regular_ability_1,541,85
regular_ability_1,542,7
regular_ability_1,543,13
regular_ability_1,544,13
regular_ability_1,545,13
regular_ability_1,546,99
regular_ability_1,547,99
regular_ability_1,548,17
regular_ability_1,549,17
regular_ability_1,550,100
regular_ability_1,551,10
regular_ability_1,552,10
regular_ability_1,553,10
regular_ability_1,554,49
regular_ability_1,555,101
regular_ability_1,556,23
regular_ability_1,557,50
regular_ability_1,558,50
regular_ability_1,559,5
regular_ability_1,560,5
regular_ability_1,561,102
regular_ability_1,562,103
regular_ability_1,563,103
regular_ability_1,564,104
regular_ability_1,565,104
regular_ability_1,566,105
regular_ability_1,567,105
regular_ability_1,568,31
regular_ability_1,569,31
regular_ability_1,570,106
regular_ability_1,571,106
regular_ability_1,572,14
regular_ability_1,573,14
regular_ability_1,574,107
regular_ability_1,575,107
regular_ability_1,576,107
regular_ability_1,577,108
regular_ability_1,578,108
regular_ability_1,579,108
regular_ability_1,580,8
regular_ability_1,581,8
regular_ability_1,582,109
regular_ability_1,583,109
regular_ability_1,584,109
regular_ability_1,585,17
regular_ability_1,586,17
regular_ability_1,587,11
regular_ability_1,588,7
regular_ability_1,589,7
regular_ability_1,590,18
regular_ability_1,591,18
regular_ability_1,592,23
regular_ability_1,593,23
regular_ability_1,594,98
regular_ability_1,595,6
regular_ability_1,596,6
regular_ability_1,597,110
regular_ability_1,598,110
regular_ability_1,599,60
regular_ability_1,600,60
regular_ability_1,601,60
regular_ability_1,602,33
regular_ability_1,603,33
regular_ability_1,604,33
regular_ability_1,605,111
regular_ability_1,606,111
regular_ability_1,607,15
regular_ability_1,608,15
regular_ability_1,609,15
regular_ability_1,610,74
regular_ability_1,611,74
regular_ability_1,612,74
regular_ability_1,613,86
regular_ability_1,614,86
regular_ability_1,615,33
regular_ability_1,616,89
regular_ability_1,617,89
regular_ability_1,618,11
regular_ability_1,619,16
regular_ability_1,620,16
regular_ability_1,621,63
regular_ability_1,622,112
regular_ability_1,623,112
regular_ability_1,624,113
regular_ability_1,625,113
regular_ability_1,626,100
regular_ability_1,627,8
regular_ability_1,628,8
regular_ability_1,629,95
regular_ability_1,630,95
regular_ability_1,631,93
regular_ability_1,632,7
regular_ability_1,633,49
regular_ability_1,634,49
regular_ability_1,635,33
regular_ability_1,636,44
regular_ability_1,637,44
regular_ability_1,638,114
regular_ability_1,639,114
regular_ability_1,640,114
regular_ability_1,641,99
regular_ability_1,642,99
regular_ability_1,643,115
regular_ability_1,644,116
regular_ability_1,645,117
regular_ability_1,646,48
regular_ability_1,647,114
regular_ability_1,648,53
regular_ability_1,649,118
regular_ability_1,650,1
regular_ability_1,651,1
regular_ability_1,652,1
regular_ability_1,653,2
regular_ability_1,654,2
regular_ability_1,655,2
regular_ability_1,656,3
regular_ability_1,657,3
regular_ability_1,658,3
regular_ability_1,659,19
regular_ability_1,660,19
regular_ability_1,661,95
regular_ability_1,662,44
regular_ability_1,663,44
regular_ability_1,664,4
regular_ability_1,665,5
regular_ability_1,666,4
regular_ability_1,667,74
regular_ability_1,668,74
regular_ability_1,669,119
regular_ability_1,670,119
regular_ability_1,671,119
regular_ability_1,672,120
regular_ability_1,673,120
regular_ability_1,674,112
regular_ability_1,675,112
regular_ability_1,676,121
regular_ability_1,677,8
regular_ability_1,678,8
regular_ability_1,679,122
regular_ability_1,680,122
regular_ability_1,681,123
regular_ability_1,682,98
regular_ability_1,683,98
regular_ability_1,684,124
regular_ability_1,685,124
regular_ability_1,686,125
regular_ability_1,687,125
regular_ability_1,688,126
regular_ability_1,689,126
regular_ability_1,690,13
regular_ability_1,691,13
regular_ability_1,692,127
regular_ability_1,693,127
regular_ability_1,694,128
regular_ability_1,695,128
regular_ability_1,696,129
regular_ability_1,697,129
regular_ability_1,698,130
regular_ability_1,699,130
regular_ability_1,700,14
regular_ability_1,701,20
regular_ability_1,702,131
regular_ability_1,703,26
regular_ability_1,704,120
regular_ability_1,705,120
regular_ability_1,706,120
regular_ability_1,707,99
regular_ability_1,708,40
regular_ability_1,709,40
regular_ability_1,710,19
regular_ability_1,711,19
regular_ability_1,712,38
regular_ability_1,713,38
regular_ability_1,714,107
regular_ability_1,715,107
regular_ability_1,716,132
regular_ability_1,717,133
regular_ability_1,718,134
regular_ability_1,719,26
regular_ability_1,720,135
regular_ability_1,721,23
regular_ability_1,722,1
regular_ability_1,723,1
regular_ability_1,724,1
regular_ability_1,725,2
regular_ability_1,726,2
regular_ability_1,727,2
regular_ability_1,728,3
regular_ability_1,729,3
regular_ability_1,730,3
regular_ability_1,731,8
regular_ability_1,732,8
regular_ability_1,733,8
regular_ability_1,734,136
regular_ability_1,735,136
regular_ability_1,736,7
regular_ability_1,737,137
regular_ability_1,738,33
regular_ability_1,739,36
regular_ability_1,740,36
regular_ability_1,741,138
regular_ability_1,742,77
regular_ability_1,743,77
regular_ability_1,744,8
regular_ability_1,745,8
regular_ability_1,746,139
regular_ability_1,747,140
regular_ability_1,748,140
regular_ability_1,749,38
regular_ability_1,750,38
regular_ability_1,751,141
regular_ability_1,752,141
regular_ability_1,753,85
regular_ability_1,754,85
regular_ability_1,755,43
regular_ability_1,756,43
regular_ability_1,757,142
regular_ability_1,758,142
regular_ability_1,759,143
regular_ability_1,760,143
regular_ability_1,761,85
regular_ability_1,762,85
regular_ability_1,763,85
regular_ability_1,764,119
regular_ability_1,765,16
regular_ability_1,766,144
regular_ability_1,767,145
regular_ability_1,768,146
regular_ability_1,769,147
regular_ability_1,770,147
regular_ability_1,771,148
regular_ability_1,772,66
regular_ability_1,773,149
regular_ability_1,774,150
regular_ability_1,775,151
regular_ability_1,776,32
regular_ability_1,777,110
regular_ability_1,778,152
regular_ability_1,779,153
regular_ability_1,780,154
regular_ability_1,781,155
regular_ability_1,782,156
regular_ability_1,783,156
regular_ability_1,784,156
regular_ability_1,785,157
regular_ability_1,786,158
regular_ability_1,787,159
regular_ability_1,788,160
regular_ability_1,789,96
regular_ability_1,790,50
regular_ability_1,791,161
regular_ability_1,792,162
regular_ability_1,793,163
regular_ability_1,794,163
regular_ability_1,795,163
regular_ability_1,796,163
regular_ability_1,797,163
regular_ability_1,798,163
regular_ability_1,799,163
regular_ability_1,800,164
regular_ability_1,801,165
regular_ability_1,802,80
regular_ability_1,803,163
regular_ability_1,804,163
regular_ability_1,805,163
regular_ability_1,806,163
regular_ability_1,807,45
regular_ability_1,808,29
regular_ability_1,809,112
regular_ability_1,810,1
regular_ability_1,811,1
regular_ability_1,812,1
regular_ability_1,813,2
regular_ability_1,814,2
regular_ability_1,815,2
regular_ability_1,816,3
regular_ability_1,817,3
regular_ability_1,818,3
regular_ability_1,819,131
regular_ability_1,820,131
regular_ability_1,821,8
regular_ability_1,822,8
regular_ability_1,823,48
regular_ability_1,824,7
regular_ability_1,825,7
regular_ability_1,826,7
regular_ability_1,827,9
regular_ability_1,828,9
regular_ability_1,829,166
regular_ability_1,830,166
regular_ability_1,831,143
regular_ability_1,832,143
regular_ability_1,833,129
regular_ability_1,834,129
regular_ability_1,835,167
regular_ability_1,836,129
regular_ability_1,837,168
regular_ability_1,838,168
regular_ability_1,839,168
regular_ability_1,840,169
regular_ability_1,841,169
regular_ability_1,842,169
regular_ability_1,843,170
regular_ability_1,844,170
regular_ability_1,845,171
regular_ability_1,846,42
regular_ability_1,847,42
regular_ability_1,848,172
regular_ability_1,849,173
regular_ability_1,850,15
regular_ability_1,851,15
regular_ability_1,852,20
regular_ability_1,853,20
regular_ability_1,854,174
regular_ability_1,855,174
regular_ability_1,856,98
regular_ability_1,857,98
regular_ability_1,858,98
regular_ability_1,859,99
regular_ability_1,860,99
regular_ability_1,861,99
regular_ability_1,862,100
regular_ability_1,863,66
regular_ability_1,864,174
regular_ability_1,865,82
regular_ability_1,866,175
regular_ability_1,867,176
regular_ability_1,868,124
regular_ability_1,869,124
regular_ability_1,870,66
regular_ability_1,871,39
regular_ability_1,872,4
regular_ability_1,873,4
regular_ability_1,874,177
regular_ability_1,875,178
regular_ability_1,876,16
regular_ability_1,877,179
regular_ability_1,878,101
regular_ability_1,879,101
regular_ability_1,880,45
regular_ability_1,881,45
regular_ability_1,882,23
regular_ability_1,883,23
regular_ability_1,884,180
regular_ability_1,885,26
regular_ability_1,886,26
regular_ability_1,887,26
regular_ability_1,888,181
regular_ability_1,889,182
regular_ability_1,890,48
regular_ability_1,891,16
regular_ability_1,892,183
regular_ability_1,893,85
regular_ability_1,894,184
regular_ability_1,895,185
regular_ability_1,896,186
regular_ability_1,897,187
regular_ability_1,898,188
regular_ability_1,899,10
regular_ability_1,900,7
regular_ability_1,901,25
regular_ability_1,902,42
regular_ability_1,903,48
regular_ability_1,904,13
regular_ability_1,905,14
regular_ability_1,906,1
regular_ability_1,907,1
regular_ability_1,908,1
regular_ability_1,909,2
regular_ability_1,910,2
regular_ability_1,911,2
regular_ability_1,912,3
regular_ability_1,913,3
regular_ability_1,914,3
regular_ability_1,915,189
regular_ability_1,916,190
regular_ability_1,917,35
regular_ability_1,918,35
regular_ability_1,919,7
regular_ability_1,920,7
regular_ability_1,921,11
regular_ability_1,922,45
regular_ability_1,923,45
regular_ability_1,924,9
regular_ability_1,925,191
regular_ability_1,926,38
regular_ability_1,927,192
regular_ability_1,928,41
regular_ability_1,929,41
regular_ability_1,930,193
regular_ability_1,931,10
regular_ability_1,932,194
regular_ability_1,933,194
regular_ability_1,934,194
regular_ability_1,935,15
regular_ability_1,936,15
regular_ability_1,937,15
regular_ability_1,938,38
regular_ability_1,939,195
regular_ability_1,940,196
regular_ability_1,941,196
regular_ability_1,942,10
regular_ability_1,943,10
regular_ability_1,944,197
regular_ability_1,945,197
regular_ability_1,946,198
regular_ability_1,947,198
regular_ability_1,948,199
regular_ability_1,949,199
regular_ability_1,950,200
regular_ability_1,951,17
regular_ability_1,952,17
regular_ability_1,953,6
regular_ability_1,954,24
regular_ability_1,955,76
regular_ability_1,956,201
regular_ability_1,957,75
regular_ability_1,958,75
regular_ability_1,959,75
regular_ability_1,960,202
regular_ability_1,961,202
regular_ability_1,962,95
regular_ability_1,963,64
regular_ability_1,964,203
regular_ability_1,965,108
regular_ability_1,966,108
regular_ability_1,967,5
regular_ability_1,968,204
regular_ability_1,969,205
regular_ability_1,970,205
regular_ability_1,971,19
regular_ability_1,972,97
regular_ability_1,973,206
regular_ability_1,974,30
regular_ability_1,975,30
regular_ability_1,976,75
regular_ability_1,977,96
regular_ability_1,978,207
regular_ability_1,979,22
regular_ability_1,980,13
regular_ability_1,981,208
regular_ability_1,982,53
regular_ability_1,983,113
regular_ability_1,984,209
regular_ability_1,985,209
regular_ability_1,986,209
regular_ability_1,987,209
regular_ability_1,988,209
regular_ability_1,989,209
regular_ability_1,990,210
regular_ability_1,991,210
regular_ability_1,992,210
regular_ability_1,993,210
regular_ability_1,994,210
regular_ability_1,995,210
regular_ability_1,996,211
regular_ability_1,997,211
regular_ability_1,998,211
regular_ability_1,999,172
regular_ability_1,1000,212
regular_ability_1,1001,213
regular_ability_1,1002,214
regular_ability_1,1003,215
regular_ability_1,1004,216
regular_ability_1,1005,209
regular_ability_1,1006,210
regular_ability_1,1007,217
regular_ability_1,1008,218
regular_ability_1,1009,209
regular_ability_1,1010,210
regular_ability_1,1011,219
regular_ability_1,1012,220
regular_ability_1,1013,220
regular_ability_1,1014,221
regular_ability_1,1015,221
regular_ability_1,1016,221
regular_ability_1,1017,113
regular_ability_1,1018,222
regular_ability_1,1019,219
regular_ability_1,1020,209
regular_ability_1,1021,209
regular_ability_1,1022,210
regular_ability_1,1023,210
regular_ability_1,1024,223
regular_ability_2,1,224
regular_ability_2,2,224
regular_ability_2,3,224
regular_ability_2,4,224
regular_ability_2,5,224
regular_ability_2,6,224
regular_ability_2,7,224
regular_ability_2,8,224
regular_ability_2,9,224
regular_ability_2,10,224
regular_ability_2,11,224
regular_ability_2,12,224
regular_ability_2,13,224
regular_ability_2,14,224
regular_ability_2,15,224
regular_ability_2,16,175
regular_ability_2,17,175
regular_ability_2,18,175
regular_ability_2,19,25
regular_ability_2,20,25
regular_ability_2,21,224
regular_ability_2,22,224
regular_ability_2,23,5
regular_ability_2,24,5
regular_ability_2,25,224
regular_ability_2,26,224
regular_ability_2,27,224
regular_ability_2,28,224
regular_ability_2,29,74
regular_ability_2,30,74
regular_ability_2,31,74
regular_ability_2,32,74
regular_ability_2,33,74
regular_ability_2,34,74
regular_ability_2,35,225
regular_ability_2,36,225
regular_ability_2,37,224
regular_ability_2,38,224
regular_ability_2,39,226
regular_ability_2,40,226
regular_ability_2,41,224
regular_ability_2,42,224
regular_ability_2,43,224
regular_ability_2,44,224
regular_ability_2,45,224
regular_ability_2,46,128
regular_ability_2,47,128
regular_ability_2,48,227
regular_ability_2,49,227
regular_ability_2,50,228
regular_ability_2,51,228
regular_ability_2,52,80
regular_ability_2,53,80
regular_ability_2,54,229
regular_ability_2,55,229
regular_ability_2,56,230
regular_ability_2,57,230
regular_ability_2,58,15
regular_ability_2,59,15
regular_ability_2,60,21
regular_ability_2,61,21
regular_ability_2,62,21
regular_ability_2,63,16
regular_ability_2,64,16
regular_ability_2,65,16
regular_ability_2,66,122
regular_ability_2,67,122
regular_ability_2,68,122
regular_ability_2,69,224
regular_ability_2,70,224
regular_ability_2,71,224
regular_ability_2,72,62
regular_ability_2,73,62
regular_ability_2,74,50
regular_ability_2,75,50
regular_ability_2,76,50
regular_ability_2,77,15
regular_ability_2,78,15
regular_ability_2,79,38
regular_ability_2,80,38
regular_ability_2,81,50
regular_ability_2,82,50
regular_ability_2,83,16
regular_ability_2,84,41
regular_ability_2,85,41
regular_ability_2,86,89
regular_ability_2,87,89
regular_ability_2,88,79
regular_ability_2,89,79
regular_ability_2,90,231
regular_ability_2,91,231
regular_ability_2,92,224
regular_ability_2,93,224
regular_ability_2,94,224
regular_ability_2,95,50
regular_ability_2,96,94
regular_ability_2,97,94
regular_ability_2,98,32
regular_ability_2,99,32
regular_ability_2,100,11
regular_ability_2,101,11
regular_ability_2,102,224
regular_ability_2,103,224
regular_ability_2,104,39
regular_ability_2,105,39
regular_ability_2,106,100
regular_ability_2,107,112
regular_ability_2,108,28
regular_ability_2,109,232
regular_ability_2,110,232
regular_ability_2,111,27
regular_ability_2,112,27
regular_ability_2,113,53
regular_ability_2,114,85
regular_ability_2,115,206
regular_ability_2,116,233
regular_ability_2,117,233
regular_ability_2,118,64
regular_ability_2,119,64
regular_ability_2,120,40
regular_ability_2,121,40
regular_ability_2,122,234
regular_ability_2,123,80
regular_ability_2,124,94
regular_ability_2,125,224
regular_ability_2,126,224
regular_ability_2,127,75
regular_ability_2,128,230
regular_ability_2,129,224
regular_ability_2,130,224
regular_ability_2,131,32
regular_ability_2,132,224
regular_ability_2,133,87
regular_ability_2,134,224
regular_ability_2,135,224
regular_ability_2,136,224
regular_ability_2,137,118
regular_ability_2,138,32
regular_ability_2,139,32
regular_ability_2,140,66
regular_ability_2,141,66
regular_ability_2,142,48
regular_ability_2,143,30
regular_ability_2,144,224
regular_ability_2,145,224
regular_ability_2,146,224
regular_ability_2,147,224
regular_ability_2,148,224
regular_ability_2,149,224
regular_ability_2,150,224
regular_ability_2,151,224
regular_ability_2,152,224
regular_ability_2,153,224
regular_ability_2,154,224
regular_ability_2,155,224
regular_ability_2,156,224
regular_ability_2,157,224
regular_ability_2,158,224
regular_ability_2,159,224
regular_ability_2,160,224
regular_ability_2,161,8
regular_ability_2,162,8
regular_ability_2,163,8
regular_ability_2,164,8
regular_ability_2,165,41
regular_ability_2,166,41
regular_ability_2,167,35
regular_ability_2,168,35
regular_ability_2,169,224
regular_ability_2,170,43
regular_ability_2,171,43
regular_ability_2,172,224
regular_ability_2,173,225
regular_ability_2,174,226
regular_ability_2,175,53
regular_ability_2,176,53
regular_ability_2,177,41
regular_ability_2,178,41
regular_ability_2,179,224
regular_ability_2,180,224
regular_ability_2,181,224
regular_ability_2,182,224
regular_ability_2,183,235
regular_ability_2,184,235
regular_ability_2,185,27
regular_ability_2,186,21
regular_ability_2,187,85
regular_ability_2,188,85
regular_ability_2,189,85
regular_ability_2,190,19
regular_ability_2,191,236
regular_ability_2,192,236
regular_ability_2,193,6
regular_ability_2,194,23
regular_ability_2,195,23
regular_ability_2,196,224
regular_ability_2,197,224
regular_ability_2,198,237
regular_ability_2,199,38
regular_ability_2,200,224
regular_ability_2,201,224
regular_ability_2,202,224
regular_ability_2,203,41
regular_ability_2,204,224
regular_ability_2,205,224
regular_ability_2,206,9
regular_ability_2,207,12
regular_ability_2,208,50
regular_ability_2,209,9
regular_ability_2,210,238
regular_ability_2,211,42
regular_ability_2,212,80
regular_ability_2,213,93
regular_ability_2,214,25
regular_ability_2,215,8
regular_ability_2,216,238
regular_ability_2,217,238
regular_ability_2,218,44
regular_ability_2,219,44
regular_ability_2,220,86
regular_ability_2,221,86
regular_ability_2,222,40
regular_ability_2,223,233
regular_ability_2,224,233
regular_ability_2,225,49
regular_ability_2,226,23
regular_ability_2,227,50
regular_ability_2,228,15
regular_ability_2,229,15
regular_ability_2,230,233
regular_ability_2,231,224
regular_ability_2,232,224
regular_ability_2,233,118
regular_ability_2,234,107
regular_ability_2,235,80
regular_ability_2,236,82
regular_ability_2,237,80
regular_ability_2,238,94
regular_ability_2,239,224
regular_ability_2,240,224
regular_ability_2,241,206
regular_ability_2,242,53
regular_ability_2,243,224
regular_ability_2,244,224
regular_ability_2,245,224
regular_ability_2,246,224
regular_ability_2,247,224
regular_ability_2,248,224
regular_ability_2,249,224
regular_ability_2,250,224
regular_ability_2,251,224
regular_ability_2,252,224
regular_ability_2,253,224
regular_ability_2,254,224
regular_ability_2,255,224
regular_ability_2,256,224
regular_ability_2,257,224
regular_ability_2,258,224
regular_ability_2,259,224
regular_ability_2,260,224
regular_ability_2,261,238
regular_ability_2,262,238
regular_ability_2,263,93
regular_ability_2,264,93
regular_ability_2,265,224
regular_ability_2,266,224
regular_ability_2,267,224
regular_ability_2,268,224
regular_ability_2,269,224
regular_ability_2,270,239
regular_ability_2,271,239
regular_ability_2,272,239
regular_ability_2,273,41
regular_ability_2,274,41
regular_ability_2,275,198
regular_ability_2,276,224
regular_ability_2,277,224
regular_ability_2,278,89
regular_ability_2,279,70
regular_ability_2,280,46
regular_ability_2,281,46
regular_ability_2,282,46
regular_ability_2,283,224
regular_ability_2,284,224
regular_ability_2,285,240
regular_ability_2,286,240
regular_ability_2,287,224
regular_ability_2,288,224
regular_ability_2,289,224
regular_ability_2,290,224
regular_ability_2,291,224
regular_ability_2,292,224
regular_ability_2,293,224
regular_ability_2,294,224
regular_ability_2,295,224
regular_ability_2,296,25
regular_ability_2,297,25
regular_ability_2,298,235
regular_ability_2,299,29
regular_ability_2,300,241
regular_ability_2,301,241
regular_ability_2,302,242
regular_ability_2,303,10
regular_ability_2,304,27
regular_ability_2,305,27
regular_ability_2,306,27
regular_ability_2,307,224
regular_ability_2,308,224
regular_ability_2,309,39
regular_ability_2,310,39
regular_ability_2,311,224
regular_ability_2,312,224
regular_ability_2,313,7
regular_ability_2,314,227
regular_ability_2,315,13
regular_ability_2,316,79
regular_ability_2,317,79
regular_ability_2,318,224
regular_ability_2,319,224
regular_ability_2,320,28
regular_ability_2,321,28
regular_ability_2,322,73
regular_ability_2,323,104
regular_ability_2,324,71
regular_ability_2,325,38
regular_ability_2,326,38
regular_ability_2,327,175
regular_ability_2,328,228
regular_ability_2,329,224
regular_ability_2,330,224
regular_ability_2,331,224
regular_ability_2,332,224
regular_ability_2,333,224
regular_ability_2,334,224
regular_ability_2,335,224
regular_ability_2,336,224
regular_ability_2,337,224
regular_ability_2,338,224
regular_ability_2,339,76
regular_ability_2,340,76
regular_ability_2,341,32
regular_ability_2,342,32
regular_ability_2,343,224
regular_ability_2,344,224
regular_ability_2,345,224
regular_ability_2,346,224
regular_ability_2,347,224
regular_ability_2,348,224
regular_ability_2,349,28
regular_ability_2,350,226
regular_ability_2,351,224
regular_ability_2,352,224
regular_ability_2,353,107
regular_ability_2,354,107
regular_ability_2,355,224
regular_ability_2,356,224
regular_ability_2,357,236
regular_ability_2,358,224
regular_ability_2,359,237
regular_ability_2,360,224
regular_ability_2,361,109
regular_ability_2,362,109
regular_ability_2,363,109
regular_ability_2,364,109
regular_ability_2,365,109
regular_ability_2,366,224
regular_ability_2,367,224
regular_ability_2,368,224
regular_ability_2,369,27
regular_ability_2,370,224
regular_ability_2,371,224
regular_ability_2,372,224
regular_ability_2,373,224
regular_ability_2,374,224
regular_ability_2,375,224
regular_ability_2,376,224
regular_ability_2,377,224
regular_ability_2,378,224
regular_ability_2,379,224
regular_ability_2,380,224
regular_ability_2,381,224
regular_ability_2,382,224
regular_ability_2,383,224
regular_ability_2,384,224
regular_ability_2,385,224
regular_ability_2,386,224
regular_ability_2,387,224
regular_ability_2,388,224
regular_ability_2,389,224
regular_ability_2,390,224
regular_ability_2,391,224
regular_ability_2,392,224
regular_ability_2,393,224
regular_ability_2,394,224
regular_ability_2,395,224
regular_ability_2,396,224
regular_ability_2,397,224
regular_ability_2,398,224
regular_ability_2,399,96
regular_ability_2,400,96
regular_ability_2,401,224
regular_ability_2,402,224
regular_ability_2,403,10
regular_ability_2,404,10
regular_ability_2,405,10
regular_ability_2,406,13
regular_ability_2,407,13
regular_ability_2,408,224
regular_ability_2,409,224
regular_ability_2,410,224
regular_ability_2,411,224
regular_ability_2,412,224
regular_ability_2,413,224
regular_ability_2,414,224
regular_ability_2,415,224
regular_ability_2,416,224
regular_ability_2,417,19
regular_ability_2,418,224
regular_ability_2,419,224
regular_ability_2,420,224
regular_ability_2,421,224
regular_ability_2,422,243
regular_ability_2,423,243
regular_ability_2,424,19
regular_ability_2,425,197
regular_ability_2,426,197
regular_ability_2,427,244
regular_ability_2,428,244
regular_ability_2,429,224
regular_ability_2,430,237
regular_ability_2,431,38
regular_ability_2,432,38
regular_ability_2,433,224
regular_ability_2,434,81
regular_ability_2,435,81
regular_ability_2,436,245
regular_ability_2,437,245
regular_ability_2,438,27
regular_ability_2,439,234
regular_ability_2,440,53
regular_ability_2,441,175
regular_ability_2,442,224
regular_ability_2,443,224
regular_ability_2,444,224
regular_ability_2,445,224
regular_ability_2,446,30
regular_ability_2,447,16
regular_ability_2,448,16
regular_ability_2,449,224
regular_ability_2,450,224
regular_ability_2,451,233
regular_ability_2,452,233
regular_ability_2,453,128
regular_ability_2,454,128
regular_ability_2,455,224
regular_ability_2,456,243
regular_ability_2,457,243
regular_ability_2,458,23
regular_ability_2,459,224
regular_ability_2,460,224
regular_ability_2,461,224
regular_ability_2,462,50
regular_ability_2,463,28
regular_ability_2,464,104
regular_ability_2,465,85
regular_ability_2,466,224
regular_ability_2,467,224
regular_ability_2,468,53
regular_ability_2,469,227
regular_ability_2,470,224
regular_ability_2,471,224
regular_ability_2,472,12
regular_ability_2,473,86
regular_ability_2,474,118
regular_ability_2,475,246
regular_ability_2,476,29
regular_ability_2,477,224
regular_ability_2,478,224
regular_ability_2,479,224
regular_ability_2,480,224
regular_ability_2,481,224
regular_ability_2,482,224
regular_ability_2,483,224
regular_ability_2,484,224
regular_ability_2,485,224
regular_ability_2,486,224
regular_ability_2,487,224
regular_ability_2,488,224
regular_ability_2,489,224
regular_ability_2,490,224
regular_ability_2,491,224
regular_ability_2,492,224
regular_ability_2,493,224
regular_ability_2,494,224
regular_ability_2,495,224
regular_ability_2,496,224
regular_ability_2,497,224
regular_ability_2,498,224
regular_ability_2,499,224
regular_ability_2,500,224
regular_ability_2,501,224
regular_ability_2,502,224
regular_ability_2,503,224
regular_ability_2,504,8
regular_ability_2,505,8
regular_ability_2,506,19
regular_ability_2,507,97
regular_ability_2,508,97
regular_ability_2,509,197
regular_ability_2,510,197
regular_ability_2,511,224
regular_ability_2,512,224
regular_ability_2,513,224
regular_ability_2,514,224
regular_ability_2,515,224
regular_ability_2,516,224
regular_ability_2,517,24
regular_ability_2,518,24
regular_ability_2,519,237
regular_ability_2,520,237
regular_ability_2,521,237
regular_ability_2,522,84
regular_ability_2,523,84
regular_ability_2,524,174
regular_ability_2,525,174
regular_ability_2,526,56
regular_ability_2,527,244
regular_ability_2,528,244
regular_ability_2,529,117
regular_ability_2,530,117
regular_ability_2,531,247
regular_ability_2,532,101
regular_ability_2,533,101
regular_ability_2,534,101
regular_ability_2,535,89
regular_ability_2,536,89
regular_ability_2,537,248
regular_ability_2,538,16
regular_ability_2,539,16
regular_ability_2,540,17
regular_ability_2,541,17
regular_ability_2,542,17
regular_ability_2,543,7
regular_ability_2,544,7
regular_ability_2,545,7
regular_ability_2,546,249
regular_ability_2,547,249
regular_ability_2,548,38
regular_ability_2,549,38
regular_ability_2,550,87
regular_ability_2,551,250
regular_ability_2,552,250
regular_ability_2,553,250
regular_ability_2,554,224
regular_ability_2,555,224
regular_ability_2,556,17
regular_ability_2,557,32
regular_ability_2,558,32
regular_ability_2,559,250
regular_ability_2,560,250
regular_ability_2,561,225
regular_ability_2,562,224
regular_ability_2,563,224
regular_ability_2,564,50
regular_ability_2,565,50
regular_ability_2,566,224
regular_ability_2,567,224
regular_ability_2,568,79
regular_ability_2,569,174
regular_ability_2,570,224
regular_ability_2,571,224
regular_ability_2,572,80
regular_ability_2,573,80
regular_ability_2,574,226
regular_ability_2,575,226
regular_ability_2,576,226
regular_ability_2,577,225
regular_ability_2,578,225
regular_ability_2,579,225
regular_ability_2,580,95
regular_ability_2,581,95
regular_ability_2,582,86
regular_ability_2,583,86
regular_ability_2,584,83
regular_ability_2,585,120
regular_ability_2,586,120
regular_ability_2,587,224
regular_ability_2,588,5
regular_ability_2,589,32
regular_ability_2,590,224
regular_ability_2,591,224
regular_ability_2,592,34
regular_ability_2,593,34
regular_ability_2,594,89
regular_ability_2,595,188
regular_ability_2,596,188
regular_ability_2,597,224
regular_ability_2,598,224
regular_ability_2,599,61
regular_ability_2,600,61
regular_ability_2,601,61
regular_ability_2,602,224
regular_ability_2,603,224
regular_ability_2,604,224
regular_ability_2,605,24
regular_ability_2,606,24
regular_ability_2,607,44
regular_ability_2,608,44
regular_ability_2,609,44
regular_ability_2,610,75
regular_ability_2,611,75
regular_ability_2,612,75
regular_ability_2,613,251
regular_ability_2,614,251
regular_ability_2,615,224
regular_ability_2,616,32
regular_ability_2,617,79
regular_ability_2,618,20
regular_ability_2,619,247
regular_ability_2,620,247
regular_ability_2,621,101
regular_ability_2,622,244
regular_ability_2,623,244
regular_ability_2,624,16
regular_ability_2,625,16
regular_ability_2,626,120
regular_ability_2,627,101
regular_ability_2,628,101
regular_ability_2,629,108
regular_ability_2,630,108
regular_ability_2,631,15
regular_ability_2,632,49
regular_ability_2,633,224
regular_ability_2,634,224
regular_ability_2,635,224
regular_ability_2,636,224
regular_ability_2,637,224
regular_ability_2,638,224
regular_ability_2,639,224
regular_ability_2,640,224
regular_ability_2,641,224
regular_ability_2,642,224
regular_ability_2,643,224
regular_ability_2,644,224
regular_ability_2,645,224
regular_ability_2,646,224
regular_ability_2,647,224
regular_ability_2,648,224
regular_ability_2,649,224
regular_ability_2,650,224
regular_ability_2,651,224
regular_ability_2,652,224
regular_ability_2,653,224
regular_ability_2,654,224
regular_ability_2,655,224
regular_ability_2,656,224
regular_ability_2,657,224
regular_ability_2,658,224
regular_ability_2,659,131
regular_ability_2,660,131
regular_ability_2,661,224
regular_ability_2,662,224
regular_ability_2,663,224
regular_ability_2,664,6
regular_ability_2,665,224
regular_ability_2,666,6
regular_ability_2,667,188
regular_ability_2,668,188
regular_ability_2,669,224
regular_ability_2,670,224
regular_ability_2,671,224
regular_ability_2,672,224
regular_ability_2,673,224
regular_ability_2,674,75
regular_ability_2,675,75
regular_ability_2,676,224
regular_ability_2,677,249
regular_ability_2,678,249
regular_ability_2,679,224
regular_ability_2,680,224
regular_ability_2,681,224
regular_ability_2,682,224
regular_ability_2,683,224
regular_ability_2,684,224
regular_ability_2,685,224
regular_ability_2,686,55
regular_ability_2,687,55
regular_ability_2,688,233
regular_ability_2,689,233
regular_ability_2,690,248
regular_ability_2,691,248
regular_ability_2,692,224
regular_ability_2,693,224
regular_ability_2,694,12
regular_ability_2,695,12
regular_ability_2,696,224
regular_ability_2,697,224
regular_ability_2,698,224
regular_ability_2,699,224
regular_ability_2,700,224
regular_ability_2,701,197
regular_ability_2,702,19
regular_ability_2,703,224
regular_ability_2,704,89
regular_ability_2,705,89
regular_ability_2,706,89
regular_ability_2,707,224
regular_ability_2,708,107
regular_ability_2,709,107
regular_ability_2,710,107
regular_ability_2,711,107
regular_ability_2,712,109
regular_ability_2,713,109
regular_ability_2,714,249
regular_ability_2,715,249
regular_ability_2,716,224
regular_ability_2,717,224
regular_ability_2,718,224
regular_ability_2,719,224
regular_ability_2,720,224
regular_ability_2,721,224
regular_ability_2,722,224
regular_ability_2,723,224
regular_ability_2,724,224
regular_ability_2,725,224
regular_ability_2,726,224
regular_ability_2,727,224
regular_ability_2,728,224
regular_ability_2,729,224
regular_ability_2,730,224
regular_ability_2,731,231
regular_ability_2,732,231
regular_ability_2,733,231
regular_ability_2,734,129
regular_ability_2,735,129
regular_ability_2,736,224
regular_ability_2,737,224
regular_ability_2,738,224
regular_ability_2,739,112
regular_ability_2,740,112
regular_ability_2,741,224
regular_ability_2,742,4
regular_ability_2,743,4
regular_ability_2,744,22
regular_ability_2,745,97
regular_ability_2,746,224
regular_ability_2,747,20
regular_ability_2,748,20
regular_ability_2,749,222
regular_ability_2,750,222
regular_ability_2,751,224
regular_ability_2,752,224
regular_ability_2,753,224
regular_ability_2,754,224
regular_ability_2,755,18
regular_ability_2,756,18
regular_ability_2,757,224
regular_ability_2,758,224
regular_ability_2,759,244
regular_ability_2,760,244
regular_ability_2,761,28
regular_ability_2,762,28
regular_ability_2,763,252
regular_ability_2,764,253
regular_ability_2,765,111
regular_ability_2,766,224
regular_ability_2,767,224
regular_ability_2,768,224
regular_ability_2,769,224
regular_ability_2,770,224
regular_ability_2,771,224
regular_ability_2,772,224
regular_ability_2,773,224
regular_ability_2,774,224
regular_ability_2,775,224
regular_ability_2,776,224
regular_ability_2,777,39
regular_ability_2,778,224
regular_ability_2,779,129
regular_ability_2,780,120
regular_ability_2,781,224
regular_ability_2,782,37
regular_ability_2,783,37
regular_ability_2,784,37
regular_ability_2,785,224
regular_ability_2,786,224
regular_ability_2,787,224
regular_ability_2,788,224
regular_ability_2,789,224
regular_ability_2,790,224
regular_ability_2,791,224
regular_ability_2,792,224
regular_ability_2,793,224
regular_ability_2,794,224
regular_ability_2,795,224
regular_ability_2,796,224
regular_ability_2,797,224
regular_ability_2,798,224
regular_ability_2,799,224
regular_ability_2,800,224
regular_ability_2,801,224
regular_ability_2,802,224
regular_ability_2,803,224
regular_ability_2,804,224
regular_ability_2,805,224
regular_ability_2,806,224
regular_ability_2,807,224
regular_ability_2,808,224
regular_ability_2,809,224
regular_ability_2,810,224
regular_ability_2,811,224
regular_ability_2,812,224
regular_ability_2,813,224
regular_ability_2,814,224
regular_ability_2,815,224
regular_ability_2,816,224
regular_ability_2,817,224
regular_ability_2,818,224
regular_ability_2,819,224
regular_ability_2,820,224
regular_ability_2,821,188
regular_ability_2,822,188
regular_ability_2,823,188
regular_ability_2,824,6
regular_ability_2,825,6
regular_ability_2,826,107
regular_ability_2,827,197
regular_ability_2,828,197
regular_ability_2,829,247
regular_ability_2,830,247
regular_ability_2,831,9
regular_ability_2,832,82
regular_ability_2,833,32
regular_ability_2,834,32
regular_ability_2,835,224
regular_ability_2,836,224
regular_ability_2,837,245
regular_ability_2,838,44
regular_ability_2,839,44
regular_ability_2,840,93
regular_ability_2,841,93
regular_ability_2,842,93
regular_ability_2,843,5
regular_ability_2,844,5
regular_ability_2,845,224
regular_ability_2,846,224
regular_ability_2,847,224
regular_ability_2,848,11
regular_ability_2,849,60
regular_ability_2,850,65
regular_ability_2,851,65
regular_ability_2,852,224
regular_ability_2,853,224
regular_ability_2,854,224
regular_ability_2,855,224
regular_ability_2,856,76
regular_ability_2,857,76
regular_ability_2,858,76
regular_ability_2,859,107
regular_ability_2,860,107
regular_ability_2,861,107
regular_ability_2,862,25
regular_ability_2,863,126
regular_ability_2,864,224
regular_ability_2,865,224
regular_ability_2,866,254
regular_ability_2,867,224
regular_ability_2,868,224
regular_ability_2,869,224
regular_ability_2,870,224
regular_ability_2,871,224
regular_ability_2,872,224
regular_ability_2,873,224
regular_ability_2,874,224
regular_ability_2,875,224
regular_ability_2,876,24
regular_ability_2,877,224
regular_ability_2,878,224
regular_ability_2,879,224
regular_ability_2,880,49
regular_ability_2,881,11
regular_ability_2,882,129
regular_ability_2,883,109
regular_ability_2,884,255
regular_ability_2,885,249
regular_ability_2,886,249
regular_ability_2,887,249
regular_ability_2,888,224
regular_ability_2,889,224
regular_ability_2,890,224
regular_ability_2,891,224
regular_ability_2,892,224
regular_ability_2,893,224
regular_ability_2,894,224
regular_ability_2,895,224
regular_ability_2,896,224
regular_ability_2,897,224
regular_ability_2,898,224
regular_ability_2,899,107
regular_ability_2,900,101
regular_ability_2,901,156
regular_ability_2,902,87
regular_ability_2,903,197
regular_ability_2,904,42
regular_ability_2,905,224
regular_ability_2,906,224
regular_ability_2,907,224
regular_ability_2,908,224
regular_ability_2,909,224
regular_ability_2,910,224
regular_ability_2,911,224
regular_ability_2,912,224
regular_ability_2,913,224
regular_ability_2,914,224
regular_ability_2,915,93
regular_ability_2,916,93
regular_ability_2,917,224
regular_ability_2,918,224
regular_ability_2,919,224
regular_ability_2,920,224
regular_ability_2,921,40
regular_ability_2,922,40
regular_ability_2,923,40
regular_ability_2,924,19
regular_ability_2,925,131
regular_ability_2,926,224
regular_ability_2,927,224
regular_ability_2,928,224
regular_ability_2,929,224
regular_ability_2,930,224
regular_ability_2,931,49
regular_ability_2,932,50
regular_ability_2,933,50
regular_ability_2,934,50
regular_ability_2,935,224
regular_ability_2,936,224
regular_ability_2,937,224
regular_ability_2,938,11
regular_ability_2,939,11
regular_ability_2,940,45
regular_ability_2,941,45
regular_ability_2,942,9
regular_ability_2,943,256
regular_ability_2,944,257
regular_ability_2,945,248
regular_ability_2,946,224
regular_ability_2,947,224
regular_ability_2,948,224
regular_ability_2,949,224
regular_ability_2,950,32
regular_ability_2,951,35
regular_ability_2,952,35
regular_ability_2,953,224
regular_ability_2,954,224
regular_ability_2,955,107
regular_ability_2,956,107
regular_ability_2,957,38
regular_ability_2,958,38
regular_ability_2,959,38
regular_ability_2,960,172
regular_ability_2,961,172
regular_ability_2,962,8
regular_ability_2,963,224
regular_ability_2,964,224
regular_ability_2,965,224
regular_ability_2,966,224
regular_ability_2,967,224
regular_ability_2,968,224
regular_ability_2,969,224
regular_ability_2,970,224
regular_ability_2,971,224
regular_ability_2,972,224
regular_ability_2,973,175
regular_ability_2,974,86
regular_ability_2,975,251
regular_ability_2,976,224
regular_ability_2,977,28
regular_ability_2,978,224
regular_ability_2,979,16
regular_ability_2,980,23
regular_ability_2,981,258
regular_ability_2,982,9
regular_ability_2,983,259
regular_ability_2,984,224
regular_ability_2,985,224
regular_ability_2,986,224
regular_ability_2,987,224
regular_ability_2,988,224
regular_ability_2,989,224
regular_ability_2,990,224
regular_ability_2,991,224
regular_ability_2,992,224
regular_ability_2,993,224
regular_ability_2,994,224
regular_ability_2,995,224
regular_ability_2,996,224
regular_ability_2,997,224
regular_ability_2,998,224
regular_ability_2,999,224
regular_ability_2,1000,224
regular_ability_2,1001,224
regular_ability_2,1002,224
regular_ability_2,1003,224
regular_ability_2,1004,224
regular_ability_2,1005,224
regular_ability_2,1006,224
regular_ability_2,1007,224
regular_ability_2,1008,224
regular_ability_2,1009,224
regular_ability_2,1010,224
regular_ability_2,1011,93
regular_ability_2,1012,224
regular_ability_2,1013,224
regular_ability_2,1014,224
regular_ability_2,1015,224
regular_ability_2,1016,224
regular_ability_2,1017,224
regular_ability_2,1018,50
regular_ability_2,1019,247
regular_ability_2,1020,224
regular_ability_2,1021,224
regular_ability_2,1022,224
regular_ability_2,1023,224
regular_ability_2,1024,224
hidden_ability_1,1,17
hidden_ability_1,2,17
hidden_ability_1,3,17
hidden_ability_1,4,236
hidden_ability_1,5,236
hidden_ability_1,6,236
hidden_ability_1,7,239
hidden_ability_1,8,239
hidden_ability_1,9,239
hidden_ability_1,10,9
hidden_ability_1,11,224
hidden_ability_1,12,227
hidden_ability_1,13,9
hidden_ability_1,14,224
hidden_ability_1,15,233
hidden_ability_1,16,95
hidden_ability_1,17,95
hidden_ability_1,18,95
hidden_ability_1,19,49
hidden_ability_1,20,49
hidden_ability_1,21,233
hidden_ability_1,22,233
hidden_ability_1,23,188
hidden_ability_1,24,188
hidden_ability_1,25,39
hidden_ability_1,26,39
hidden_ability_1,27,97
hidden_ability_1,28,97
hidden_ability_1,29,49
hidden_ability_1,30,49
hidden_ability_1,31,101
hidden_ability_1,32,49
hidden_ability_1,33,49
hidden_ability_1,34,101
hidden_ability_1,35,191
hidden_ability_1,36,96
hidden_ability_1,37,71
hidden_ability_1,38,71
hidden_ability_1,39,191
hidden_ability_1,40,107
hidden_ability_1,41,249
hidden_ability_1,42,249
hidden_ability_1,43,9
hidden_ability_1,44,31
hidden_ability_1,45,18
hidden_ability_1,46,21
hidden_ability_1,47,21
hidden_ability_1,48,9
hidden_ability_1,49,102
hidden_ability_1,50,117
hidden_ability_1,51,117
hidden_ability_1,52,188
hidden_ability_1,53,188
hidden_ability_1,54,42
hidden_ability_1,55,42
hidden_ability_1,56,113
hidden_ability_1,57,113
hidden_ability_1,58,114
hidden_ability_1,59,114
hidden_ability_1,60,42
hidden_ability_1,61,42
hidden_ability_1,62,42
hidden_ability_1,63,225
hidden_ability_1,64,225
hidden_ability_1,65,225
hidden_ability_1,66,82
hidden_ability_1,67,82
hidden_ability_1,68,82
hidden_ability_1,69,93
hidden_ability_1,70,93
hidden_ability_1,71,93
hidden_ability_1,72,239
hidden_ability_1,73,239
hidden_ability_1,74,12
hidden_ability_1,75,12
hidden_ability_1,76,12
hidden_ability_1,77,44
hidden_ability_1,78,44
hidden_ability_1,79,247
hidden_ability_1,80,247
hidden_ability_1,81,260
hidden_ability_1,82,260
hidden_ability_1,83,113
hidden_ability_1,84,175
hidden_ability_1,85,175
hidden_ability_1,86,109
hidden_ability_1,87,109
hidden_ability_1,88,248
hidden_ability_1,89,248
hidden_ability_1,90,108
hidden_ability_1,91,108
hidden_ability_1,92,224
hidden_ability_1,93,224
hidden_ability_1,94,224
hidden_ability_1,95,174
hidden_ability_1,96,16
hidden_ability_1,97,16
hidden_ability_1,98,101
hidden_ability_1,99,101
hidden_ability_1,100,81
hidden_ability_1,101,81
hidden_ability_1,102,261
hidden_ability_1,103,261
hidden_ability_1,104,66
hidden_ability_1,105,66
hidden_ability_1,106,197
hidden_ability_1,107,16
hidden_ability_1,108,229
hidden_ability_1,109,31
hidden_ability_1,110,31
hidden_ability_1,111,100
hidden_ability_1,112,100
hidden_ability_1,113,98
hidden_ability_1,114,247
hidden_ability_1,115,16
hidden_ability_1,116,21
hidden_ability_1,117,21
hidden_ability_1,118,39
hidden_ability_1,119,39
hidden_ability_1,120,260
hidden_ability_1,121,260
hidden_ability_1,122,80
hidden_ability_1,123,82
hidden_ability_1,124,128
hidden_ability_1,125,22
hidden_ability_1,126,22
hidden_ability_1,127,250
hidden_ability_1,128,101
hidden_ability_1,129,172
hidden_ability_1,130,250
hidden_ability_1,131,89
hidden_ability_1,132,262
hidden_ability_1,133,76
hidden_ability_1,134,89
hidden_ability_1,135,238
hidden_ability_1,136,25
hidden_ability_1,137,260
hidden_ability_1,138,174
hidden_ability_1,139,174
hidden_ability_1,140,174
hidden_ability_1,141,174
hidden_ability_1,142,188
hidden_ability_1,143,93
hidden_ability_1,144,86
hidden_ability_1,145,11
hidden_ability_1,146,44
hidden_ability_1,147,67
hidden_ability_1,148,67
hidden_ability_1,149,263
hidden_ability_1,150,188
hidden_ability_1,151,224
hidden_ability_1,152,85
hidden_ability_1,153,85
hidden_ability_1,154,85
hidden_ability_1,155,15
hidden_ability_1,156,15
hidden_ability_1,157,15
hidden_ability_1,158,101
hidden_ability_1,159,101
hidden_ability_1,160,101
hidden_ability_1,161,107
hidden_ability_1,162,107
hidden_ability_1,163,227
hidden_ability_1,164,227
hidden_ability_1,165,172
hidden_ability_1,166,112
hidden_ability_1,167,233
hidden_ability_1,168,233
hidden_ability_1,169,249
hidden_ability_1,170,23
hidden_ability_1,171,23
hidden_ability_1,172,39
hidden_ability_1,173,191
hidden_ability_1,174,191
hidden_ability_1,175,237
hidden_ability_1,176,237
hidden_ability_1,177,264
hidden_ability_1,178,264
hidden_ability_1,179,60
hidden_ability_1,180,60
hidden_ability_1,181,60
hidden_ability_1,182,98
hidden_ability_1,183,120
hidden_ability_1,184,120
hidden_ability_1,185,172
hidden_ability_1,186,70
hidden_ability_1,187,249
hidden_ability_1,188,249
hidden_ability_1,189,249
hidden_ability_1,190,231
hidden_ability_1,191,41
hidden_ability_1,192,41
hidden_ability_1,193,107
hidden_ability_1,194,96
hidden_ability_1,195,96
hidden_ability_1,196,264
hidden_ability_1,197,16
hidden_ability_1,198,99
hidden_ability_1,199,247
hidden_ability_1,200,224
hidden_ability_1,201,224
hidden_ability_1,202,111
hidden_ability_1,203,120
hidden_ability_1,204,108
hidden_ability_1,205,108
hidden_ability_1,206,172
hidden_ability_1,207,47
hidden_ability_1,208,101
hidden_ability_1,209,172
hidden_ability_1,210,172
hidden_ability_1,211,10
hidden_ability_1,212,180
hidden_ability_1,213,125
hidden_ability_1,214,250
hidden_ability_1,215,257
hidden_ability_1,216,77
hidden_ability_1,217,188
hidden_ability_1,218,174
hidden_ability_1,219,174
hidden_ability_1,220,30
hidden_ability_1,221,30
hidden_ability_1,222,247
hidden_ability_1,223,265
hidden_ability_1,224,265
hidden_ability_1,225,35
hidden_ability_1,226,64
hidden_ability_1,227,174
hidden_ability_1,228,188
hidden_ability_1,229,188
hidden_ability_1,230,21
hidden_ability_1,231,12
hidden_ability_1,232,12
hidden_ability_1,233,260
hidden_ability_1,234,120
hidden_ability_1,235,265
hidden_ability_1,236,22
hidden_ability_1,237,82
hidden_ability_1,238,89
hidden_ability_1,239,22
hidden_ability_1,240,22
hidden_ability_1,241,120
hidden_ability_1,242,98
hidden_ability_1,243,16
hidden_ability_1,244,16
hidden_ability_1,245,16
hidden_ability_1,246,12
hidden_ability_1,247,224
hidden_ability_1,248,188
hidden_ability_1,249,263
hidden_ability_1,250,247
hidden_ability_1,251,224
hidden_ability_1,252,197
hidden_ability_1,253,197
hidden_ability_1,254,197
hidden_ability_1,255,51
hidden_ability_1,256,51
hidden_ability_1,257,51
hidden_ability_1,258,21
hidden_ability_1,259,21
hidden_ability_1,260,21
hidden_ability_1,261,172
hidden_ability_1,262,250
hidden_ability_1,263,238
hidden_ability_1,264,238
hidden_ability_1,265,9
hidden_ability_1,266,224
hidden_ability_1,267,74
hidden_ability_1,268,224
hidden_ability_1,269,6
hidden_ability_1,270,38
hidden_ability_1,271,38
hidden_ability_1,272,38
hidden_ability_1,273,257
hidden_ability_1,274,257
hidden_ability_1,275,257
hidden_ability_1,276,206
hidden_ability_1,277,206
hidden_ability_1,278,239
hidden_ability_1,279,239
hidden_ability_1,280,111
hidden_ability_1,281,111
hidden_ability_1,282,111
hidden_ability_1,283,239
hidden_ability_1,284,188
hidden_ability_1,285,238
hidden_ability_1,286,80
hidden_ability_1,287,224
hidden_ability_1,288,224
hidden_ability_1,289,224
hidden_ability_1,290,9
hidden_ability_1,291,249
hidden_ability_1,292,224
hidden_ability_1,293,172
hidden_ability_1,294,206
hidden_ability_1,295,206
hidden_ability_1,296,101
hidden_ability_1,297,101
hidden_ability_1,298,120
hidden_ability_1,299,117
hidden_ability_1,300,102
hidden_ability_1,301,102
hidden_ability_1,302,99
hidden_ability_1,303,101
hidden_ability_1,304,255
hidden_ability_1,305,255
hidden_ability_1,306,255
hidden_ability_1,307,111
hidden_ability_1,308,111
hidden_ability_1,309,61
hidden_ability_1,310,61
hidden_ability_1,311,39
hidden_ability_1,312,45
hidden_ability_1,313,99
hidden_ability_1,314,99
hidden_ability_1,315,85
hidden_ability_1,316,93
hidden_ability_1,317,93
hidden_ability_1,318,51
hidden_ability_1,319,51
hidden_ability_1,320,48
hidden_ability_1,321,48
hidden_ability_1,322,38
hidden_ability_1,323,230
hidden_ability_1,324,32
hidden_ability_1,325,93
hidden_ability_1,326,93
hidden_ability_1,327,125
hidden_ability_1,328,101
hidden_ability_1,329,224
hidden_ability_1,330,224
hidden_ability_1,331,23
hidden_ability_1,332,23
hidden_ability_1,333,229
hidden_ability_1,334,229
hidden_ability_1,335,266
hidden_ability_1,336,249
hidden_ability_1,337,224
hidden_ability_1,338,224
hidden_ability_1,339,89
hidden_ability_1,340,89
hidden_ability_1,341,87
hidden_ability_1,342,87
hidden_ability_1,343,224
hidden_ability_1,344,224
hidden_ability_1,345,243
hidden_ability_1,346,243
hidden_ability_1,347,42
hidden_ability_1,348,42
hidden_ability_1,349,87
hidden_ability_1,350,14
hidden_ability_1,351,224
hidden_ability_1,352,267
hidden_ability_1,353,34
hidden_ability_1,354,34
hidden_ability_1,355,107
hidden_ability_1,356,107
hidden_ability_1,357,261
hidden_ability_1,358,224
hidden_ability_1,359,114
hidden_ability_1,360,111
hidden_ability_1,361,265
hidden_ability_1,362,265
hidden_ability_1,363,28
hidden_ability_1,364,28
hidden_ability_1,365,28
hidden_ability_1,366,172
hidden_ability_1,367,64
hidden_ability_1,368,89
hidden_ability_1,369,50
hidden_ability_1,370,89
hidden_ability_1,371,101
hidden_ability_1,372,108
hidden_ability_1,373,250
hidden_ability_1,374,180
hidden_ability_1,375,180
hidden_ability_1,376,180
hidden_ability_1,377,50
hidden_ability_1,378,109
hidden_ability_1,379,180
hidden_ability_1,380,224
hidden_ability_1,381,224
hidden_ability_1,382,224
hidden_ability_1,383,224
hidden_ability_1,384,224
hidden_ability_1,385,224
hidden_ability_1,386,224
hidden_ability_1,387,32
hidden_ability_1,388,32
hidden_ability_1,389,32
hidden_ability_1,390,112
hidden_ability_1,391,112
hidden_ability_1,392,112
hidden_ability_1,393,226
hidden_ability_1,394,226
hidden_ability_1,395,226
hidden_ability_1,396,100
hidden_ability_1,397,100
hidden_ability_1,398,100
hidden_ability_1,399,265
hidden_ability_1,400,265
hidden_ability_1,401,9
hidden_ability_1,402,80
hidden_ability_1,403,25
hidden_ability_1,404,25
hidden_ability_1,405,25
hidden_ability_1,406,85
hidden_ability_1,407,80
hidden_ability_1,408,101
hidden_ability_1,409,101
hidden_ability_1,410,37
hidden_ability_1,411,37
hidden_ability_1,412,108
hidden_ability_1,413,108
hidden_ability_1,414,227
hidden_ability_1,415,49
hidden_ability_1,416,188
hidden_ability_1,417,45
hidden_ability_1,418,64
hidden_ability_1,419,64
hidden_ability_1,420,224
hidden_ability_1,421,224
hidden_ability_1,422,117
hidden_ability_1,423,117
hidden_ability_1,424,231
hidden_ability_1,425,268
hidden_ability_1,426,268
hidden_ability_1,427,20
hidden_ability_1,428,20
hidden_ability_1,429,224
hidden_ability_1,430,250
hidden_ability_1,431,8
hidden_ability_1,432,113
hidden_ability_1,433,224
hidden_ability_1,434,8
hidden_ability_1,435,8
hidden_ability_1,436,255
hidden_ability_1,437,255
hidden_ability_1,438,172
hidden_ability_1,439,80
hidden_ability_1,440,191
hidden_ability_1,441,95
hidden_ability_1,442,249
hidden_ability_1,443,63
hidden_ability_1,444,63
hidden_ability_1,445,63
hidden_ability_1,446,93
hidden_ability_1,447,99
hidden_ability_1,448,114
hidden_ability_1,449,117
hidden_ability_1,450,117
hidden_ability_1,451,8
hidden_ability_1,452,8
hidden_ability_1,453,248
hidden_ability_1,454,248
hidden_ability_1,455,224
hidden_ability_1,456,64
hidden_ability_1,457,64
hidden_ability_1,458,64
hidden_ability_1,459,37
hidden_ability_1,460,37
hidden_ability_1,461,257
hidden_ability_1,462,260
hidden_ability_1,463,229
hidden_ability_1,464,100
hidden_ability_1,465,247
hidden_ability_1,466,22
hidden_ability_1,467,22
hidden_ability_1,468,237
hidden_ability_1,469,107
hidden_ability_1,470,17
hidden_ability_1,471,109
hidden_ability_1,472,240
hidden_ability_1,473,30
hidden_ability_1,474,260
hidden_ability_1,475,114
hidden_ability_1,476,117
hidden_ability_1,477,107
hidden_ability_1,478,34
hidden_ability_1,479,224
hidden_ability_1,480,224
hidden_ability_1,481,224
hidden_ability_1,482,224
hidden_ability_1,483,111
hidden_ability_1,484,111
hidden_ability_1,485,44
hidden_ability_1,486,224
hidden_ability_1,487,111
hidden_ability_1,488,224
hidden_ability_1,489,224
hidden_ability_1,490,224
hidden_ability_1,491,224
hidden_ability_1,492,224
hidden_ability_1,493,224
hidden_ability_1,494,224
hidden_ability_1,495,125
hidden_ability_1,496,125
hidden_ability_1,497,125
hidden_ability_1,498,30
hidden_ability_1,499,30
hidden_ability_1,500,100
hidden_ability_1,501,32
hidden_ability_1,502,32
hidden_ability_1,503,32
hidden_ability_1,504,260
hidden_ability_1,505,260
hidden_ability_1,506,9
hidden_ability_1,507,206
hidden_ability_1,508,206
hidden_ability_1,509,99
hidden_ability_1,510,99
hidden_ability_1,511,1
hidden_ability_1,512,1
hidden_ability_1,513,2
hidden_ability_1,514,2
hidden_ability_1,515,3
hidden_ability_1,516,3
hidden_ability_1,517,111
hidden_ability_1,518,111
hidden_ability_1,519,74
hidden_ability_1,520,74
hidden_ability_1,521,74
hidden_ability_1,522,120
hidden_ability_1,523,120
hidden_ability_1,524,117
hidden_ability_1,525,117
hidden_ability_1,526,117
hidden_ability_1,527,73
hidden_ability_1,528,73
hidden_ability_1,529,75
hidden_ability_1,530,75
hidden_ability_1,531,244
hidden_ability_1,532,112
hidden_ability_1,533,112
hidden_ability_1,534,112
hidden_ability_1,535,23
hidden_ability_1,536,23
hidden_ability_1,537,23
hidden_ability_1,538,75
hidden_ability_1,539,75
hidden_ability_1,540,108
hidden_ability_1,541,108
hidden_ability_1,542,108
hidden_ability_1,543,51
hidden_ability_1,544,51
hidden_ability_1,545,51
hidden_ability_1,546,17
hidden_ability_1,547,17
hidden_ability_1,548,85
hidden_ability_1,549,85
hidden_ability_1,550,75
hidden_ability_1,551,230
hidden_ability_1,552,230
hidden_ability_1,553,230
hidden_ability_1,554,16
hidden_ability_1,555,269
hidden_ability_1,556,243
hidden_ability_1,557,174
hidden_ability_1,558,174
hidden_ability_1,559,10
hidden_ability_1,560,10
hidden_ability_1,561,227
hidden_ability_1,562,224
hidden_ability_1,563,224
hidden_ability_1,564,42
hidden_ability_1,565,42
hidden_ability_1,566,224
hidden_ability_1,567,224
hidden_ability_1,568,81
hidden_ability_1,569,81
hidden_ability_1,570,224
hidden_ability_1,571,224
hidden_ability_1,572,231
hidden_ability_1,573,231
hidden_ability_1,574,52
hidden_ability_1,575,52
hidden_ability_1,576,52
hidden_ability_1,577,247
hidden_ability_1,578,247
hidden_ability_1,579,247
hidden_ability_1,580,89
hidden_ability_1,581,89
hidden_ability_1,582,174
hidden_ability_1,583,174
hidden_ability_1,584,174
hidden_ability_1,585,53
hidden_ability_1,586,53
hidden_ability_1,587,84
hidden_ability_1,588,122
hidden_ability_1,589,108
hidden_ability_1,590,247
hidden_ability_1,591,247
hidden_ability_1,592,21
hidden_ability_1,593,21
hidden_ability_1,594,247
hidden_ability_1,595,7
hidden_ability_1,596,7
hidden_ability_1,597,224
hidden_ability_1,598,76
hidden_ability_1,599,26
hidden_ability_1,600,26
hidden_ability_1,601,26
hidden_ability_1,602,224
hidden_ability_1,603,224
hidden_ability_1,604,224
hidden_ability_1,605,260
hidden_ability_1,606,260
hidden_ability_1,607,249
hidden_ability_1,608,249
hidden_ability_1,609,249
hidden_ability_1,610,188
hidden_ability_1,611,188
hidden_ability_1,612,188
hidden_ability_1,613,172
hidden_ability_1,614,42
hidden_ability_1,615,224
hidden_ability_1,616,108
hidden_ability_1,617,197
hidden_ability_1,618,12
hidden_ability_1,619,100
hidden_ability_1,620,100
hidden_ability_1,621,75
hidden_ability_1,622,122
hidden_ability_1,623,122
hidden_ability_1,624,48
hidden_ability_1,625,48
hidden_ability_1,626,37
hidden_ability_1,627,49
hidden_ability_1,628,113
hidden_ability_1,629,174
hidden_ability_1,630,174
hidden_ability_1,631,65
hidden_ability_1,632,57
hidden_ability_1,633,224
hidden_ability_1,634,224
hidden_ability_1,635,224
hidden_ability_1,636,7
hidden_ability_1,637,7
hidden_ability_1,638,224
hidden_ability_1,639,224
hidden_ability_1,640,224
hidden_ability_1,641,113
hidden_ability_1,642,113
hidden_ability_1,643,224
hidden_ability_1,644,224
hidden_ability_1,645,101
hidden_ability_1,646,224
hidden_ability_1,647,224
hidden_ability_1,648,224
hidden_ability_1,649,224
hidden_ability_1,650,156
hidden_ability_1,651,156
hidden_ability_1,652,156
hidden_ability_1,653,135
hidden_ability_1,654,135
hidden_ability_1,655,135
hidden_ability_1,656,267
hidden_ability_1,657,267
hidden_ability_1,658,267
hidden_ability_1,659,235
hidden_ability_1,660,235
hidden_ability_1,661,270
hidden_ability_1,662,270
hidden_ability_1,663,270
hidden_ability_1,664,191
hidden_ability_1,665,191
hidden_ability_1,666,191
hidden_ability_1,667,250
hidden_ability_1,668,250
hidden_ability_1,669,271
hidden_ability_1,670,271
hidden_ability_1,671,271
hidden_ability_1,672,272
hidden_ability_1,673,272
hidden_ability_1,674,206
hidden_ability_1,675,206
hidden_ability_1,676,224
hidden_ability_1,677,38
hidden_ability_1,678,99
hidden_ability_1,679,224
hidden_ability_1,680,224
hidden_ability_1,681,224
hidden_ability_1,682,189
hidden_ability_1,683,189
hidden_ability_1,684,197
hidden_ability_1,685,197
hidden_ability_1,686,249
hidden_ability_1,687,249
hidden_ability_1,688,257
hidden_ability_1,689,257
hidden_ability_1,690,87
hidden_ability_1,691,87
hidden_ability_1,692,224
hidden_ability_1,693,224
hidden_ability_1,694,236
hidden_ability_1,695,236
hidden_ability_1,696,50
hidden_ability_1,697,27
hidden_ability_1,698,83
hidden_ability_1,699,83
hidden_ability_1,700,273
hidden_ability_1,701,75
hidden_ability_1,702,60
hidden_ability_1,703,50
hidden_ability_1,704,202
hidden_ability_1,705,202
hidden_ability_1,706,202
hidden_ability_1,707,135
hidden_ability_1,708,261
hidden_ability_1,709,261
hidden_ability_1,710,35
hidden_ability_1,711,35
hidden_ability_1,712,50
hidden_ability_1,713,50
hidden_ability_1,714,111
hidden_ability_1,715,111
hidden_ability_1,716,224
hidden_ability_1,717,224
hidden_ability_1,718,224
hidden_ability_1,719,224
hidden_ability_1,720,224
hidden_ability_1,721,224
hidden_ability_1,722,274
hidden_ability_1,723,274
hidden_ability_1,724,274
hidden_ability_1,725,10
hidden_ability_1,726,10
hidden_ability_1,727,10
hidden_ability_1,728,275
hidden_ability_1,729,275
hidden_ability_1,730,275
hidden_ability_1,731,19
hidden_ability_1,732,19
hidden_ability_1,733,101
hidden_ability_1,734,87
hidden_ability_1,735,87
hidden_ability_1,736,224
hidden_ability_1,737,224
hidden_ability_1,738,224
hidden_ability_1,739,230
hidden_ability_1,740,230
hidden_ability_1,741,224
hidden_ability_1,742,124
hidden_ability_1,743,124
hidden_ability_1,744,82
hidden_ability_1,745,82
hidden_ability_1,746,224
hidden_ability_1,747,247
hidden_ability_1,748,247
hidden_ability_1,749,16
hidden_ability_1,750,16
hidden_ability_1,751,23
hidden_ability_1,752,23
hidden_ability_1,753,125
hidden_ability_1,754,125
hidden_ability_1,755,239
hidden_ability_1,756,239
hidden_ability_1,757,28
hidden_ability_1,758,28
hidden_ability_1,759,14
hidden_ability_1,760,188
hidden_ability_1,761,124
hidden_ability_1,762,124
hidden_ability_1,763,124
hidden_ability_1,764,40
hidden_ability_1,765,271
hidden_ability_1,766,113
hidden_ability_1,767,224
hidden_ability_1,768,224
hidden_ability_1,769,12
hidden_ability_1,770,12
hidden_ability_1,771,96
hidden_ability_1,772,224
hidden_ability_1,773,224
hidden_ability_1,774,224
hidden_ability_1,775,224
hidden_ability_1,776,224
hidden_ability_1,777,50
hidden_ability_1,778,224
hidden_ability_1,779,102
hidden_ability_1,780,229
hidden_ability_1,781,224
hidden_ability_1,782,108
hidden_ability_1,783,108
hidden_ability_1,784,108
hidden_ability_1,785,111
hidden_ability_1,786,111
hidden_ability_1,787,111
hidden_ability_1,788,111
hidden_ability_1,789,224
hidden_ability_1,790,224
hidden_ability_1,791,224
hidden_ability_1,792,224
hidden_ability_1,793,224
hidden_ability_1,794,224
hidden_ability_1,795,224
hidden_ability_1,796,224
hidden_ability_1,797,224
hidden_ability_1,798,224
hidden_ability_1,799,224
hidden_ability_1,800,224
hidden_ability_1,801,224
hidden_ability_1,802,224
hidden_ability_1,803,224
hidden_ability_1,804,224
hidden_ability_1,805,224
hidden_ability_1,806,224
hidden_ability_1,807,224
hidden_ability_1,808,224
hidden_ability_1,809,224
hidden_ability_1,810,159
hidden_ability_1,811,159
hidden_ability_1,812,159
hidden_ability_1,813,276
hidden_ability_1,814,276
hidden_ability_1,815,276
hidden_ability_1,816,233
hidden_ability_1,817,233
hidden_ability_1,818,233
hidden_ability_1,819,93
hidden_ability_1,820,93
hidden_ability_1,821,95
hidden_ability_1,822,95
hidden_ability_1,823,277
hidden_ability_1,824,111
hidden_ability_1,825,111
hidden_ability_1,826,111
hidden_ability_1,827,136
hidden_ability_1,828,136
hidden_ability_1,829,18
hidden_ability_1,830,18
hidden_ability_1,831,156
hidden_ability_1,832,156
hidden_ability_1,833,42
hidden_ability_1,834,42
hidden_ability_1,835,172
hidden_ability_1,836,226
hidden_ability_1,837,15
hidden_ability_1,838,15
hidden_ability_1,839,15
hidden_ability_1,840,156
hidden_ability_1,841,49
hidden_ability_1,842,30
hidden_ability_1,843,12
hidden_ability_1,844,12
hidden_ability_1,845,224
hidden_ability_1,846,278
hidden_ability_1,847,278
hidden_ability_1,848,244
hidden_ability_1,849,80
hidden_ability_1,850,44
hidden_ability_1,851,44
hidden_ability_1,852,80
hidden_ability_1,853,80
hidden_ability_1,854,34
hidden_ability_1,855,34
hidden_ability_1,856,264
hidden_ability_1,857,264
hidden_ability_1,858,264
hidden_ability_1,859,257
hidden_ability_1,860,257
hidden_ability_1,861,257
hidden_ability_1,862,113
hidden_ability_1,863,279
hidden_ability_1,864,280
hidden_ability_1,865,206
hidden_ability_1,866,109
hidden_ability_1,867,224
hidden_ability_1,868,189
hidden_ability_1,869,189
hidden_ability_1,870,113
hidden_ability_1,871,157
hidden_ability_1,872,281
hidden_ability_1,873,281
hidden_ability_1,874,224
hidden_ability_1,875,224
hidden_ability_1,876,158
hidden_ability_1,877,224
hidden_ability_1,878,255
hidden_ability_1,879,255
hidden_ability_1,880,97
hidden_ability_1,881,251
hidden_ability_1,882,97
hidden_ability_1,883,251
hidden_ability_1,884,282
hidden_ability_1,885,34
hidden_ability_1,886,34
hidden_ability_1,887,34
hidden_ability_1,888,224
hidden_ability_1,889,224
hidden_ability_1,890,224
hidden_ability_1,891,224
hidden_ability_1,892,224
hidden_ability_1,893,224
hidden_ability_1,894,224
hidden_ability_1,895,224
hidden_ability_1,896,224
hidden_ability_1,897,224
hidden_ability_1,898,224
hidden_ability_1,899,120
hidden_ability_1,900,246
hidden_ability_1,901,188
hidden_ability_1,902,75
hidden_ability_1,903,248
hidden_ability_1,904,10
hidden_ability_1,905,125
hidden_ability_1,906,267
hidden_ability_1,907,267
hidden_ability_1,908,267
hidden_ability_1,909,96
hidden_ability_1,910,96
hidden_ability_1,911,96
hidden_ability_1,912,250
hidden_ability_1,913,250
hidden_ability_1,914,250
hidden_ability_1,915,30
hidden_ability_1,916,30
hidden_ability_1,917,136
hidden_ability_1,918,136
hidden_ability_1,919,227
hidden_ability_1,920,227
hidden_ability_1,921,112
hidden_ability_1,922,112
hidden_ability_1,923,112
hidden_ability_1,924,38
hidden_ability_1,925,80
hidden_ability_1,926,244
hidden_ability_1,927,189
hidden_ability_1,928,261
hidden_ability_1,929,261
hidden_ability_1,930,261
hidden_ability_1,931,25
hidden_ability_1,932,26
hidden_ability_1,933,26
hidden_ability_1,934,26
hidden_ability_1,935,44
hidden_ability_1,936,174
hidden_ability_1,937,174
hidden_ability_1,938,21
hidden_ability_1,939,21
hidden_ability_1,940,226
hidden_ability_1,941,226
hidden_ability_1,942,136
hidden_ability_1,943,136
hidden_ability_1,944,99
hidden_ability_1,945,99
hidden_ability_1,946,249
hidden_ability_1,947,249
hidden_ability_1,948,199
hidden_ability_1,949,199
hidden_ability_1,950,247
hidden_ability_1,951,244
hidden_ability_1,952,265
hidden_ability_1,953,5
hidden_ability_1,954,111
hidden_ability_1,955,51
hidden_ability_1,956,51
hidden_ability_1,957,257
hidden_ability_1,958,257
hidden_ability_1,959,257
hidden_ability_1,960,12
hidden_ability_1,961,12
hidden_ability_1,962,283
hidden_ability_1,963,64
hidden_ability_1,964,203
hidden_ability_1,965,88
hidden_ability_1,966,234
hidden_ability_1,967,247
hidden_ability_1,968,12
hidden_ability_1,969,142
hidden_ability_1,970,142
hidden_ability_1,971,143
hidden_ability_1,972,143
hidden_ability_1,973,284
hidden_ability_1,974,101
hidden_ability_1,975,101
hidden_ability_1,976,246
hidden_ability_1,977,64
hidden_ability_1,978,243
hidden_ability_1,979,113
hidden_ability_1,980,96
hidden_ability_1,981,120
hidden_ability_1,982,172
hidden_ability_1,983,48
hidden_ability_1,984,209
hidden_ability_1,985,209
hidden_ability_1,986,209
hidden_ability_1,987,209
hidden_ability_1,988,209
hidden_ability_1,989,209
hidden_ability_1,990,210
hidden_ability_1,991,210
hidden_ability_1,992,210
hidden_ability_1,993,210
hidden_ability_1,994,210
hidden_ability_1,995,210
hidden_ability_1,996,109
hidden_ability_1,997,109
hidden_ability_1,998,109
hidden_ability_1,999,172
hidden_ability_1,1000,212
hidden_ability_1,1001,213
hidden_ability_1,1002,214
hidden_ability_1,1003,215
hidden_ability_1,1004,216
hidden_ability_1,1005,209
hidden_ability_1,1006,210
hidden_ability_1,1007,217
hidden_ability_1,1008,218
hidden_ability_1,1009,209
hidden_ability_1,1010,210
hidden_ability_1,1011,79
hidden_ability_1,1012,245
hidden_ability_1,1013,245
hidden_ability_1,1014,256
hidden_ability_1,1015,107
hidden_ability_1,1016,80
hidden_ability_1,1017,224
hidden_ability_1,1018,282
hidden_ability_1,1019,79
hidden_ability_1,1020,224
hidden_ability_1,1021,224
hidden_ability_1,1022,224
hidden_ability_1,1023,224
hidden_ability_1,1024,224
